Data;Hora Início;Hora Fim;"HE
Receber";"HE
Compensar";Horas;Justificativa;Salario Bruto
18.11.2013;17:00:00;18:30:00;X;;1,50;;2050,02
19.11.2013;06:00:00;07:30:00;X;;1,50;;2050,02
19.11.2013;17:00:00;18:30:00;X;;1,50;;2050,02
27.11.2013;06:30:00;07:30:00;X;;1,00;;2050,02
27.11.2013;17:00:00;18:00:00;X;;1,00;;2050,02
03.12.2013;17:00:00;20:30:00;X;;3,50;;2050,02
04.12.2013;17:00:00;19:30:00;X;;2,50;;2050,02
05.12.2013;17:00:00;18:30:00;X;;1,50;;2050,02
06.12.2013;17:30:00;18:30:00;X;;1,00;;2050,02
09.12.2013;17:30:00;18:30:00;X;;1,00;;2050,02
10.12.2013;17:30:00;19:30:00;X;;2,00;;2050,02
13.12.2013;17:30:00;18:30:00;X;;1,00;;2050,02
16.12.2013;17:30:00;18:30:00;X;;1,00;;2050,02
26.12.2013;17:30:00;20:00:00;X;;2,50;;2050,02
27.12.2013;17:30:00;21:00:00;X;;3,50;;2050,02
02.01.2014;17:30:00;21:00:00;X;;3,50;;2050,02
06.01.2014;17:00:00;17:30:00;X;;0,50;;2050,02
07.01.2014;17:00:00;18:00:00;X;;1,00;;2050,02
21.01.2014;17:00:00;19:00:00;X;;2,00;;2050,02
22.01.2014;17:00:00;19:00:00;X;;2,00;;2050,02
23.01.2014;17:00:00;20:30:00;X;;3,50;;2050,02
24.01.2014;17:00:00;21:00:00;X;;4,00;;2050,02
27.01.2014;17:00:00;19:00:00;X;;2,00;;2050,02
25.03.2014;17:00:00;20:30:00;X;;3,50;Rc07, Rc16 Prata;2224,60
03.04.2014;06:30:00;07:30:00;X;;1,00;OSLN Nova Era Morada dos;2224,60
03.04.2014;17:00:00;18:00:00;X;;1,00;Rc's07,03 Dionísio, Baix;2224,60
04.04.2014;03:30:00;05:00:00;X;;1,50;"RC08 DAE João
Monlevade";2224,60
10.04.2014;17:00:00;19:30:00;X;;2,50;RC's 12 Prata Carro 2423;2224,60
14.04.2014;17:00:00;19:00:00;X;;2,00;Rc's Rio Piracicaba. A p;2224,60
24.04.2014;17:00:00;18:00:00;X;;1,00;RC's 07,30 (Carneirinhos;2224,60
05.05.2014;17:00:00;19:00:00;X;;2,00;"RC16, RC03 São
Gonçalo";2224,60
07.05.2014;17:00:00;18:00:00;X;;1,00;Rc's Nova Era/Prata 3510;2224,60
09.05.2014;05:30:00;07:30:00;X;;2,00;Manobra Nova Era 3645;2224,60
09.05.2014;17:00:00;18:30:00;X;;1,50;Manobra Nova Era 3645;2224,60
21.05.2014;17:00:00;18:30:00;X;;1,50;OSLN, OSML PRATA;2224,60
24.06.2014;17:30:00;20:00:00;X;;2,50;Manobra em  Nova Era;2224,60
27.06.2014;17:30:00;18:00:00;X;;0,50;RC08 Rua Bahia Tanquinho;2224,60
01.07.2014;05:00:00;07:30:00;X;;2,50;RC09 Rua Siderúrgica;2224,60
01.07.2014;17:30:00;18:00:00;X;;0,50;Manobra JM;2224,60
04.07.2014;06:30:00;07:30:00;X;;1,00;Acionado por Dercilei pa;2224,60
06.07.2014;14:30:00;17:00:00;X;;2,50;Acionado para atender re;2224,60
10.07.2014;06:00:00;07:30:00;X;;1,50;Manobra Nova Era;2224,60
11.07.2014;06:00:00;07:30:00;X;;1,50;RC09 João Monlevade JMLT;2224,60
17.07.2014;06:30:00;07:30:00;X;;1,00;RC16 Posto Longana;2224,60
25.07.2014;17:30:00;19:00:00;X;;1,50;Manobra Nova Era;2224,60
30.07.2014;17:00:00;18:00:00;X;;1,00;RC07 Rio Piracicaba, RC0;2224,60
09.08.2014;20:00:00;23:30:00;X;;3,50;RC09 Lages;2224,60
11.08.2014;12:30:00;13:00:00;X;;0,50;Leitura Garimpo;2224,60
11.08.2014;17:00:00;18:30:00;X;;1,50;Poste aéreo nova era tra;2224,60
12.08.2014;07:00:00;07:30:00;X;;0,50;Manobra carro 2171;2224,60
12.08.2014;17:00:00;19:00:00;X;;2,00;Manobra São Gonçálo do R;2224,60
22.08.2014;17:00:00;18:00:00;X;;1,00;Troca de trafo no Fernan;2224,60
25.08.2014;17:00:00;18:00:00;X;;1,00;RC16 Linnet;2224,60
01.09.2014;17:00:00;17:30:00;X;;0,50;RC07, RC09 Cidade Nova;2224,60
04.09.2014;17:00:00;20:00:00;X;;3,00;Manobra JM;2224,60
07.09.2014;11:00:00;13:30:00;X;;2,50;RC's 07;2224,60
12.09.2014;17:00:00;18:30:00;X;;1,50;RC01, RC09 Lages;2224,60
16.09.2014;17:00:00;18:30:00;X;;1,50;Ligações Novas Prata;2224,60
20.10.2014;17:00:00;20:15:00;X;;3,25;Manobra Sitio Largo JMLT;2224,60
21.10.2014;12:30:00;13:00:00;X;;0,50;Rc's 07, 06, 09 São Domi;2224,60
21.10.2014;17:00:00;18:00:00;X;;1,00;RC's 06, 07 Bela Vista d;2224,60
28.10.2014;17:00:00;19:00:00;X;;2,00;Manobra religador 68366;2224,60
29.10.2014;12:30:00;13:00:00;X;;0,50;Troca de chave em Dionis;2224,60
29.10.2014;18:00:00;19:30:00;X;;1,50;RC09 Goiabal;2224,60
05.11.2014;12:30:00;13:00:00;X;;0,50;Manobra trevo Barão - De;2365,64
05.11.2014;17:00:00;18:00:00;X;;1,00;Manobra trevo Barão - De;2365,64
10.11.2014;12:30:00;13:00:00;X;;0,50;RC's 08, 07, 0324;2365,64
10.11.2014;17:00:00;20:30:00;X;;3,50;Rc's 08, 07, 09 0324;2365,64
11.11.2014;17:00:00;21:00:00;X;;4,00;Rc's 07, 08, 09, 03;2365,64
12.11.2014;12:30:00;13:00:00;X;;0,50;Rc's 07, 08, 09, 03 0324;2365,64
12.11.2014;17:00:00;19:30:00;X;;2,50;Rc'07, 30, 06, 08 0324;2365,64
13.11.2014;17:00:00;18:30:00;X;;1,50;Rcs 07, 08 Trevo de Barã;2365,64
13.11.2014;12:30:00;13:00:00;X;;0,50;RCs 07, 08 Antonio dos S;2365,64
14.11.2014;17:00:00;21:00:00;X;;4,00;Emenda cabo Alfié 308;2365,64
14.11.2014;12:30:00;13:00:00;X;;0,50;Manobra Linha do Alfié 3;2365,64
15.11.2014;17:30:00;23:00:00;X;;5,50;RC09, 08 Bela Vista;2365,64
15.11.2014;10:30:00;16:30:00;X;;6,00;RC's 09, 08, 07 Bela vis;2365,64
18.11.2014;12:30:00;13:00:00;X;;0,50;Rc's Bom Jesus;2365,64
18.11.2014;17:00:00;18:30:00;X;;1,50;Rc's Nova União;2365,64
19.11.2014;07:00:00;07:30:00;X;;0,50;Manobra Prata;2365,64
19.11.2014;17:00:00;17:30:00;X;;0,50;Manobra Prata;2365,64
20.11.2014;17:00:00;18:00:00;X;;1,00;Ligação Nova Prata;2365,64
21.11.2014;17:00:00;18:30:00;X;;1,50;RC12 Dionisio/LN Prata;2365,64
26.11.2014;12:30:00;13:00:00;X;;0,50;RC06 Piracicaba;2365,64
26.11.2014;17:00:00;19:00:00;X;;2,00;RC's LN Rio Piracicaba;2365,64
27.11.2014;17:00:00;18:00:00;X;;1,00;LN Rio Piracicaba;2365,64
28.11.2014;12:30:00;13:00:00;X;;0,50;Rc's LN Prata;2365,64
28.11.2014;17:00:00;19:30:00;X;;2,50;Rc's 07, 08 Prata;2365,64
29.11.2014;14:00:00;20:00:00;;X;6,00;RC's 08, 07, Manobra, No;2365,64
30.11.2014;06:30:00;12:30:00;X;;6,00;RC's 07 Dionísio;2365,64
01.12.2014;12:30:00;13:00:00;X;;0,50;RC 09 Nova união;2365,64
01.12.2014;17:30:00;18:00:00;X;;0,50;LN Roças Novas;2365,64
02.12.2014;12:30:00;13:00:00;;X;0,50;Manobra RDR Prainha;2365,64
02.12.2014;06:00:00;07:30:00;;X;1,50;Manobra RDR Prainha;2365,64
11.12.2014;17:30:00;19:30:00;X;;2,00;Atendimento RC'07;2365,64
12.12.2014;17:30:00;19:30:00;X;;2,00;Atendimento RC'07;2365,64
15.12.2014;17:30:00;19:30:00;X;;2,00;Atendimento RC'07;2365,64
17.12.2014;06:30:00;07:30:00;X;;1,00;Manobra Nova Era;2365,64
19.12.2014;17:30:00;18:00:00;X;;0,50;Manobra Nova Era;2365,64
19.12.2014;05:00:00;07:30:00;X;;2,50;Manobra Nova Era;2365,64
21.12.2014;13:30:00;18:30:00;X;;5,00;Atendimento RC's 07, 08;2365,64
21.12.2014;08:30:00;12:30:00;X;;4,00;Atendimento RC's 07, 08;2365,64
22.12.2014;12:30:00;13:00:00;X;;0,50;RC's Nova Era;2365,64
22.12.2014;17:30:00;20:00:00;X;;2,50;RC07 Prata;2365,64
23.12.2014;17:30:00;19:30:00;X;;2,00;RC's Bom Jesus do Amparo;2365,64
29.12.2014;12:30:00;13:00:00;X;;0,50;RC's Goiabal;2365,64
29.12.2014;17:30:00;20:30:00;X;;3,00;RC's 07, 08, 09 Prata;2365,64
05.01.2015;17:30:00;19:30:00;X;;2,00;RC07 Goiabal e Dionisio;2365,64
23.01.2015;17:00:00;19:30:00;X;;2,50;RC07 São Gonçálo;2365,64
23.01.2015;06:30:00;07:30:00;X;;1,00;Manobra Nova Era;2365,64
26.01.2015;17:00:00;19:30:00;X;;2,50;Manobra Trevo de Barão;2365,64
26.01.2015;12:30:00;13:00:00;X;;0,50;Manobra no religador 380;2365,64
26.01.2015;06:30:00;07:30:00;X;;1,00;Manobra DAE-JM;2365,64
27.01.2015;17:00:00;17:30:00;X;;0,50;RC16 João Monlevade;2365,64
29.01.2015;17:00:00;20:00:00;X;;3,00;RC07, 08, 06 Região Nova;2365,64
30.01.2015;12:30:00;13:00:00;X;;0,50;RC's Nova Era;2365,64
05.02.2015;17:00:00;20:30:00;X;;3,50;Manobra, RC's 09, 07, 06;2365,64
06.02.2015;17:00:00;20:30:00;X;;3,50;RC's 07, 06 Região do Pr;2365,64
06.02.2015;12:30:00;13:00:00;X;;0,50;RC's 07, 06 Região do Pr;2365,64
07.02.2015;15:00:00;20:00:00;X;;5,00;RC's 07, 06 Dionisio, Go;2365,64
07.02.2015;08:00:00;14:00:00;X;;6,00;RC's 07, 06 João Monleva;2365,64
09.02.2015;12:30:00;13:00:00;X;;0,50;LN, RC's 95 Goiabal;2365,64
09.02.2015;17:00:00;19:30:00;X;;2,50;OSLN, RC's 95 Goiabal;2365,64
10.02.2015;17:00:00;20:00:00;X;;3,00;RC's 07, 06 e comerciais;2365,64
11.02.2015;17:00:00;20:00:00;X;;3,00;OSLN, RC12 Prata;2365,64
12.02.2015;17:00:00;20:30:00;X;;3,50;Ligação Provisória Nova;2365,64
13.02.2015;17:00:00;21:00:00;X;;4,00;RC's comerciais Prata;2365,64
14.02.2015;23:00:00;23:59:59;X;;1,00;RC30 Caparaó Prata;2365,64
15.02.2015;00:00:00;00:30:00;X;;0,50;RC30 Caparaó Prata;2365,64
16.02.2015;13:30:00;17:00:00;X;;3,50;RC07, 06 Dionísio;2365,64
17.02.2015;10:00:00;12:30:00;X;;2,50;RC 08 Egito, RC 07 Nova;2365,64
18.02.2015;11:00:00;13:00:00;X;;2,00;RC 09 Goiabal;2365,64
18.02.2015;17:00:00;20:30:00;X;;3,50;"RC's 07, 06 São
Domingos";2365,64
19.02.2015;17:00:00;20:30:00;X;;3,50;RC's Comerciais Dionisio;2365,64
02.03.2015;17:30:00;19:30:00;X;;2,00;RC's 07, 06 Goiabal e Pr;2436,60
03.03.2015;12:30:00;13:00:00;X;;0,50;RC07 Serrinha - São Gonç;2436,60
04.03.2015;17:30:00;19:30:00;X;;2,00;RC's 07, 06 Goiabal e Pr;2436,60
05.03.2015;17:00:00;20:00:00;X;;3,00;RC's 07, 06 Morro Agudo,;2436,60
08.03.2015;08:00:00;13:00:00;X;;5,00;"RC07, RC36 São
Gonçalo";2436,60
09.03.2015;17:00:00;20:30:00;X;;3,50;Manobra Bom Jesus religa;2436,60
10.03.2015;12:30:00;13:00:00;X;;0,50;RC07 Morada dos Heróis;2436,60
11.03.2015;17:00:00;18:30:00;X;;1,50;RC07 Roças Novas;2436,60
12.03.2015;17:00:00;17:30:00;X;;0,50;RC 07 Corrego São Doming;2436,60
13.03.2015;12:00:00;12:30:00;X;;0,50;RC 30 Altamira;2436,60
13.03.2015;17:00:00;18:30:00;X;;1,50;RC 07 Bom Jesus;2436,60
16.03.2015;17:00:00;18:30:00;X;;1,50;RC07 Torre da Claro Anto;2436,60
18.03.2015;17:00:00;18:00:00;X;;1,00;RC07 Bom Jesus;2436,60
19.03.2015;17:00:00;18:30:00;X;;1,50;RC30 Altamira, ODRM São;2436,60
19.03.2015;12:30:00;13:00:00;X;;0,50;Manobra eq. 66063 Roças;2436,60
23.03.2015;17:00:00;20:00:00;X;;3,00;RC06 Região de Varginha;2436,60
24.03.2015;17:00:00;20:00:00;X;;3,00;OSML, OSLN, Religação Di;2436,60
24.03.2015;12:30:00;13:00:00;X;;0,50;RC07 Esperança - Prata;2436,60
25.03.2015;17:00:00;18:00:00;X;;1,00;RC06 Bicas - Piracicaba;2436,60
27.03.2015;17:00:00;19:00:00;X;;2,00;RC07 Posto H7 e Torre te;2436,60
01.04.2015;17:00:00;21:00:00;X;;4,00;RC07, RC08, RC16, RC09 J;2436,60
06.04.2015;17:00:00;18:00:00;X;;1,00;Manobra Nova Era - Bela;2436,60
14.04.2015;05:30:00;07:30:00;X;;2,00;RC03 Campos Elísios;2436,60
22.04.2015;12:30:00;13:00:00;X;;0,50;RC03 Rua Bela Vista - Go;2436,60
23.04.2015;17:30:00;18:30:00;X;;1,00;RC07 Beira Rio - JM;2436,60
24.04.2015;17:30:00;19:30:00;X;;2,00;RC32, Rcs 07 São Gonçálo;2436,60
24.04.2015;12:30:00;13:00:00;X;;0,50;RC 07 São Gonçálo;2436,60
25.04.2015;14:00:00;20:00:00;X;;6,00;RC's 09, 03 JM;2436,60
25.04.2015;21:00:00;23:30:00;X;;2,50;RC's 09, 03 JM;2436,60
26.04.2015;10:30:00;16:30:00;X;;6,00;RC08, 07 Barão De Cocais;2436,60
26.04.2015;17:30:00;21:30:00;X;;4,00;RC04, 17 Nova União;2436,60
24.06.2015;12:30:00;13:00:00;X;;0,50;RC09 Santa Bárbara;2436,60
24.06.2015;17:30:00;20:00:00;X;;2,50;RC07 em Fonseca;2436,60
08.07.2015;17:00:00;18:30:00;X;;1,50;Manobra São Domingos do;2436,60
08.07.2015;12:30:00;13:00:00;X;;0,50;RC09 Goiabal;2436,60
08.07.2015;07:00:00;07:30:00;X;;0,50;Manobra São Domingos do;2436,60
09.07.2015;06:30:00;07:30:00;X;;1,00;Manobra João Monlevade;2436,60
10.07.2015;17:00:00;18:30:00;X;;1,50;Rcs Comerciais em Nova E;2436,60
10.07.2015;12:30:00;13:00:00;X;;0,50;Rcs Comerciais em Nova E;2436,60
11.07.2015;19:00:00;23:59:59;X;;5,00;"RC05, RC16, RC07 em
Rio";2436,60
12.07.2015;00:00:00;01:30:00;X;;1,50;"RC05, RC16, RC07 em
Rio";2436,60
12.07.2015;19:00:00;23:59:59;X;;5,00;RC07 João Monlevade, RC0;2436,60
13.07.2015;00:00:00;01:00:00;X;;1,00;RC07 Loanda João Monleva;2436,60
17.07.2015;12:30:00;13:00:00;X;;0,50;OSLN Goiabal;2436,60
17.07.2015;17:00:00;19:00:00;X;;2,00;"OSLN, RC36, OSML
Dionísi";2436,60
20.07.2015;17:00:00;18:00:00;X;;1,00;RC07 Bom Jesus Do Amparo;2436,60
22.07.2015;17:00:00;18:15:00;X;;1,25;RC07 Madereira Bom Jesus;2436,60
22.07.2015;12:30:00;13:00:00;X;;0,50;RCs comerciais Bom Jesus;2436,60
23.07.2015;12:30:00;13:00:00;X;;0,50;OSDP Nova União, RC06 Bo;2436,60
27.07.2015;17:00:00;18:00:00;X;;1,00;RC46 Bairro Rosário;2436,60
28.07.2015;17:00:00;17:30:00;X;;0,50;RC30 Santo Hipólito;2436,60
28.07.2015;12:30:00;13:00:00;X;;0,50;"RC01 Baú, RC06 Rua
Portu";2436,60
28.07.2015;07:00:00;07:30:00;X;;0,50;Manobra João Monlevade;2436,60
29.07.2015;17:00:00;18:00:00;X;;1,00;RC's nova união;2436,60
29.07.2015;12:30:00;13:00:00;X;;0,50;Rc's Nova União;2436,60
30.07.2015;12:30:00;13:00:00;X;;0,50;RC's Goiabal;2436,60
30.07.2015;17:00:00;18:00:00;X;;1,00;RC's Goiabal;2436,60
31.07.2015;12:30:00;13:00:00;X;;0,50;RC's Região da Vargem Li;2436,60
31.07.2015;17:00:00;18:00:00;X;;1,00;RC's Ligação Nova Prata;2436,60
03.08.2015;12:30:00;13:00:00;X;;0,50;RC's Nova União e Roças;2436,60
04.08.2015;12:30:00;13:00:00;X;;0,50;RC32 Bom jesus do Amparo;2436,60
05.08.2015;12:30:00;13:00:00;X;;0,50;RC03 Antonio dos Santos;2436,60
06.08.2015;07:00:00;07:30:00;X;;0,50;Manobra em São Gonçálo;2436,60
10.08.2015;12:30:00;13:00:00;X;;0,50;RC's Comerciais Roças No;2436,60
10.08.2015;17:00:00;17:30:00;X;;0,50;RC08 Bom Jesus do Amparo;2436,60
11.08.2015;12:30:00;13:00:00;X;;0,50;RC's Roças Novas;2436,60
12.08.2015;05:30:00;07:30:00;X;;2,00;Manobra em Goiabal Gerad;2436,60
12.08.2015;17:00:00;18:00:00;X;;1,00;Maanobra em Goiabal Gera;2436,60
12.08.2015;12:30:00;13:00:00;X;;0,50;RC's Prata;2436,60
15.08.2015;22:00:00;23:59:59;X;;2,00;Manobra Alfié, RC06 Nova;2436,60
15.08.2015;17:00:00;21:00:00;X;;4,00;Manobra Alfié, RC06 Nova;2436,60
16.08.2015;12:30:00;16:00:00;X;;3,50;Manobra Alfié;2436,60
16.08.2015;00:00:00;01:30:00;X;;1,50;Manobra Alfié, RC06 Nova;2436,60
19.08.2015;17:00:00;20:00:00;X;;3,00;Manobra RDR Prata/Dionís;2436,60
19.08.2015;06:30:00;07:30:00;X;;1,00;Manobra RDR;2436,60
;;;;;;Prata/Dionís;2436,60
20.08.2015;17:00:00;17:30:00;X;;0,50;OSML Juiraçu;2436,60
21.08.2015;12:30:00;13:00:00;X;;0,50;RC's Comercias Bom Jesus;2436,60
27.08.2015;17:00:00;17:30:00;X;;0,50;OSLN Baixa Verde;2436,60
06.09.2015;14:00:00;19:30:00;X;;5,50;Apoio Itabira RC09, RC06;2436,60
06.09.2015;07:00:00;13:00:00;X;;6,00;Apoio Itabira RC09, RC06;2436,60
07.09.2015;14:30:00;20:00:00;X;;5,50;"RC09, RC07, RC30 Nova
Er";2436,60
07.09.2015;07:30:00;13:30:00;X;;6,00;"RC09, RC07, RC30 Nova
Er";2436,60
08.09.2015;17:00:00;21:00:00;X;;4,00;RC07 Vilela;2436,60
11.09.2015;17:00:00;21:00:00;X;;4,00;Manobra Lagoa Palmeiras;2436,60
13.09.2015;07:30:00;13:30:00;X;;6,00;RC08 Barroso, RC's 07 Re;2436,60
15.09.2015;17:00:00;17:30:00;X;;0,50;Manobra em Bom Jesus do;2436,60
15.09.2015;07:00:00;07:30:00;X;;0,50;Manobra em Bom Jesus do;2436,60
17.09.2015;17:00:00;19:30:00;X;;2,50;RC03, RC08, RC06, RC40,;2436,60
24.09.2015;17:00:00;18:00:00;;X;1,00;RC03 Reg. Sitio Maravilh;2436,60
25.09.2015;17:00:00;19:30:00;X;;2,50;Manobra em João Monlevad;2436,60
25.09.2015;06:00:00;07:30:00;X;;1,50;Manobra em João Monlevad;2436,60
28.09.2015;17:00:00;18:00:00;;X;1,00;RC03 Rio Piracicaba;2436,60
29.09.2015;17:00:00;18:30:00;X;;1,50;RC21 Bom Jesus do Amparo;2436,60
30.09.2015;17:00:00;20:30:00;X;;3,50;Manobra em Bom Jesus do;2436,60
30.09.2015;07:00:00;07:30:00;X;;0,50;Manobra em Bom Jesus do;2436,60
01.10.2015;17:00:00;18:30:00;X;;1,50;Manobra em Lages - Bela;2436,60
07.10.2015;17:00:00;19:00:00;X;;2,00;"RC08, RC07, RC06 Nova
Un";2436,60
08.10.2015;07:00:00;07:30:00;X;;0,50;Manobra São Domingos do;2436,60
22.10.2015;17:00:00;21:00:00;X;;4,00;RCs09 e RC08 João Monlev;2436,60
23.10.2015;17:00:00;18:30:00;X;;1,50;"RC07, RC03, RC09 em
Nova";2436,60
27.10.2015;17:00:00;19:00:00;X;;2,00;RC's 07 em Rio Piracicab;2436,60
28.10.2015;06:30:00;07:30:00;X;;1,00;Manobra São Gonçálo;2436,60
28.10.2015;12:30:00;13:00:00;X;;0,50;Manobra Bom Jesus do Amp;2436,60
28.10.2015;17:00:00;19:00:00;X;;2,00;Manobra Bom Jesus do Amp;2436,60
29.10.2015;17:00:00;18:00:00;X;;1,00;OSLN Bom Jesus do Amparo;2436,60
30.10.2015;17:00:00;21:00:00;X;;4,00;OSLN Bom Jesus e São Gon;2436,60
12.11.2015;12:30:00;13:00:00;X;;0,50;RC's comerciais Prata;2688,31
12.11.2015;17:00:00;18:00:00;X;;1,00;RC's comerciais Prata;2688,31
13.11.2015;17:00:00;20:30:00;X;;3,50;Manobra em Alfié - São D;2688,31
14.11.2015;16:00:00;22:00:00;X;;6,00;Rc's Emergenciais Prata/;2688,31
14.11.2015;09:00:00;15:00:00;X;;6,00;Rc's Emergenciais Prata/;2688,31
15.11.2015;16:00:00;21:00:00;X;;5,00;Rc's Emergenciais Prata/;2688,31
15.11.2015;09:00:00;15:00:00;X;;6,00;Rc's Emergenciais Prata/;2688,31
16.11.2015;17:00:00;20:00:00;X;;3,00;Rc's Emergenciais Prata;2688,31
17.11.2015;17:00:00;20:00:00;X;;3,00;Rc's Emergenciais Dionís;2688,31
18.11.2015;17:00:00;18:30:00;X;;1,50;RC03 Bom Jesus;2688,31
19.11.2015;17:00:00;19:00:00;X;;2,00;OSLN Felipe - Bom Jesus;2688,31
20.11.2015;17:00:00;21:00:00;X;;4,00;RC's Emergenciais Bom Je;2688,31
23.11.2015;17:00:00;20:30:00;X;;3,50;Rc's Emergenciais em Bom;2688,31
23.11.2015;12:30:00;13:00:00;X;;0,50;Rc's Emergenciais em Bom;2688,31
24.11.2015;17:00:00;21:00:00;X;;4,00;Rc's Emergenciais em Roç;2688,31
25.11.2015;12:30:00;13:00:00;X;;0,50;Rc's Emergenciais em Roç;2688,31
25.11.2015;17:00:00;20:30:00;X;;3,50;Rc's Emergenciais em Roç;2688,31
26.11.2015;17:00:00;19:30:00;X;;2,50;RC's Emergenciais em Bom;2688,31
26.11.2015;12:30:00;13:00:00;X;;0,50;RC's Emergenciais em Bom;2688,31
27.11.2015;12:30:00;13:00:00;X;;0,50;RC's Emergenciais em Nov;2688,31
27.11.2015;17:00:00;18:00:00;X;;1,00;RC05 Nova União;2688,31
30.11.2015;12:30:00;13:00:00;X;;0,50;RC's Emergenciais Nova U;2688,31
30.11.2015;17:00:00;19:00:00;X;;2,00;RC's Emergenciais Nova U;2688,31
01.12.2015;12:30:00;13:00:00;X;;0,50;RC03, RC06 em Lagoa das;2771,68
01.12.2015;17:00:00;20:30:00;X;;3,50;RC's Emergenciais em Dio;2771,68
02.12.2015;12:30:00;13:00:00;X;;0,50;RC's Emergenciais Dionís;2771,68
02.12.2015;17:00:00;19:00:00;X;;2,00;RC's Emergenciais Dionís;2771,68
03.12.2015;17:00:00;21:00:00;X;;4,00;RC's Emergenciais Bom Je;2771,68
04.12.2015;12:30:00;13:00:00;X;;0,50;RCs Emergenciais Nova Er;2771,68
04.12.2015;17:00:00;19:00:00;X;;2,00;RCs Emergenciais Nova Er;2771,68
08.12.2015;07:00:00;13:00:00;X;;6,00;RCs Emergenciais Bom Jes;2771,68
08.12.2015;14:00:00;20:00:00;X;;6,00;RCs Emergenciais Bom Jes;2771,68
09.12.2015;12:30:00;13:00:00;X;;0,50;RC's Emergenciais em Dio;2771,68
09.12.2015;17:30:00;20:30:00;X;;3,00;RC's Emergenciais em Dio;2771,68
14.12.2015;17:30:00;20:30:00;X;;3,00;Rc's Emergenciais Rio Pi;2771,68
14.12.2015;12:30:00;13:00:00;X;;0,50;Rc's Emergenciais Rio Pi;2771,68
;;;;;;;2771,68
15.12.2015;17:30:00;20:30:00;X;;3,00;RC's Emergenciais Dionís;2771,68
16.12.2015;17:30:00;20:30:00;X;;3,00;RC's Emergenciais Dionís;2771,68
17.12.2015;17:30:00;20:00:00;X;;2,50;RC's Emergenciais Dionís;2771,68
18.12.2015;17:30:00;20:30:00;X;;3,00;Rc's Comerciais Nova Era;2771,68
18.12.2015;12:30:00;13:00:00;X;;0,50;Rc's Comerciais Nova Era;2771,68
21.12.2015;12:30:00;13:00:00;X;;0,50;RC's Emergenciais em Nov;2771,68
21.12.2015;17:30:00;20:00:00;X;;2,50;RC's Comerciais em Nova;2771,68
25.12.2015;07:30:00;11:30:00;X;;4,00;RC's Emergenciais Dionís;2771,68
25.12.2015;12:30:00;16:30:00;X;;4,00;RC's Emergenciais Dionís;2771,68
26.12.2015;07:00:00;13:00:00;X;;6,00;RC's Emergenciais Dionís;2771,68
26.12.2015;14:00:00;20:00:00;X;;6,00;RC's Emergenciais Dionís;2771,68
27.12.2015;07:00:00;13:00:00;X;;6,00;RC's Emergenciais Dionís;2771,68
27.12.2015;14:00:00;20:00:00;X;;6,00;RC's Emergenciais Dionís;2771,68
28.12.2015;12:30:00;13:00:00;X;;0,50;RC's Emergenciais Prata;2771,68
28.12.2015;17:30:00;19:30:00;X;;2,00;RC's Emergenciais Prata;2771,68
29.12.2015;17:30:00;18:30:00;X;;1,00;RC's Emergenciais Prata;2771,68
30.12.2015;12:30:00;13:00:00;X;;0,50;RC's Emergenciais Prata;2771,68
30.12.2015;17:30:00;20:30:00;X;;3,00;RC's Emergenciais Prata;2771,68
25.01.2016;17:30:00;18:00:00;X;;0,50;Apoio Itabira;2771,68
26.01.2016;17:30:00;18:30:00;X;;1,00;Apoio Itabira;2771,68
26.01.2016;06:50:00;07:30:00;X;;0,67;Apoio Itabira;2771,68
27.01.2016;17:30:00;18:00:00;X;;0,50;Apoio Itabira;2771,68
27.01.2016;06:00:00;07:30:00;X;;1,50;Apoio Itabira;2771,68
28.01.2016;17:00:00;18:00:00;X;;1,00;Apoio Itabira;2771,68
28.01.2016;06:50:00;07:30:00;X;;0,67;Apoio Itabira;2771,68
29.01.2016;21:00:00;22:30:00;X;;1,50;Atendimeno RC06 São Domi;2771,68
29.01.2016;06:50:00;07:30:00;X;;0,67;Apoio Itabira;2771,68
01.02.2016;17:00:00;19:30:00;X;;2,50;RC06 Torre da Vivo, Prai;2771,68
01.02.2016;12:30:00;13:00:00;X;;0,50;RC03 Garimpo - Nova Era;2771,68
02.02.2016;12:30:00;13:00:00;X;;0,50;RC's Emergenciais Prata;2771,68
04.02.2016;17:00:00;19:00:00;X;;2,00;RC's Emerenciais Goiabal;2771,68
06.02.2016;09:00:00;12:30:00;X;;3,50;RC 06, 03, 07 Prata;2771,68
08.02.2016;12:00:00;18:00:00;X;;6,00;RC03, 07, 06 Prata, Dion;2771,68
16.02.2016;17:30:00;20:30:00;X;;3,00;RC08 Religador de Altami;2771,68
11.03.2016;19:00:00;20:30:00;X;;1,50;Atendimento RC08 Laranje;2771,68
12.03.2016;08:00:00;13:00:00;X;;5,00;Atendimento RC's emergen;2771,68
12.03.2016;14:00:00;17:30:00;X;;3,50;Atendimento RC's emergen;2771,68
13.03.2016;13:00:00;17:00:00;X;;4,00;RC's Emergenciais São Do;2771,68
13.03.2016;08:00:00;12:00:00;X;;4,00;RC's Emergenciais São Do;2771,68
23.03.2016;06:00:00;07:30:00;X;;1,50;Manobra em João Monlevad;2771,68
10.04.2016;13:00:00;19:00:00;;X;6,00;Manobra NERU11, RC07 Bel;2771,68
10.04.2016;06:30:00;12:00:00;X;;5,50;Manobra NERU11, RC08 Man;2771,68
19.04.2016;17:00:00;18:00:00;X;;1,00;Manobra João Monlevade;2771,68
;;;;;;3;2771,68
25.05.2016;17:00:00;18:00:00;X;;1,00;Manobra João Monlevade;2771,68
10.07.2016;08:00:00;09:00:00;X;;1,00;Manobra São Domingos do;2799,39
10.07.2016;13:00:00;14:00:00;X;;1,00;Manobra São Domingos do;2799,39
09.08.2016;17:00:00;19:00:00;;X;2,00;RC09 Pedra Furada - Nova;2799,39
16.08.2016;17:00:00;17:30:00;X;;0,50;Manobra Religador 66000;2799,39
26.08.2016;17:00:00;19:00:00;X;;2,00;RC07 Roças Novas;2799,39
01.09.2016;17:00:00;18:00:00;X;;1,00;Manobra Dionísio;2799,39
02.09.2016;07:00:00;07:30:00;X;;0,50;Manobra João Monlevade;2799,39
08.09.2016;05:30:00;07:30:00;X;;2,00;Manobra João Monlevade;2799,39
14.09.2016;17:00:00;18:00:00;X;;1,00;Manobra em joão Monlevad;2799,39
14.09.2016;05:30:00;07:30:00;X;;2,00;Manobra em joão Monlevad;2799,39
20.09.2016;17:00:00;18:00:00;X;;1,00;Apoio Barão  de Cocais;2799,39
21.09.2016;17:00:00;19:35:00;X;;2,58;Manobra Rel.66000, RC16;2799,39
21.09.2016;12:30:00;13:00:00;X;;0,50;RC07 Torre vivo Nova Era;2799,39
23.09.2016;17:00:00;17:30:00;X;;0,50;RC03 Nova União (posto f;2799,39
26.09.2016;06:45:00;07:30:00;X;;0,75;Manobra em Rio Piracicab;2799,39
26.09.2016;17:00:00;20:15:00;X;;3,25;RC09, RC16, RC's07, RC's;2799,39
27.09.2016;12:30:00;13:00:00;X;;0,50;RC's 07,06 - São Gonçalo;2799,39
27.09.2016;17:00:00;19:30:00;X;;2,50;RC's 03,07 - São Gonçalo;2799,39
28.09.2016;17:00:00;18:00:00;X;;1,00;"RC03 Loc. Bom Sossego
-";2799,39
29.09.2016;17:00:00;18:00:00;X;;1,00;RC09 Boa Vista II - Trev;2799,39
04.10.2016;17:00:00;17:30:00;X;;0,50;"RC05, RC30, RC06
Goiabal";2799,39
05.10.2016;06:30:00;07:30:00;X;;1,00;Manobra João Monlevade;2799,39
07.10.2016;17:00:00;18:00:00;X;;1,00;RC's 07, 06, 08 em Nova;2799,39
07.10.2016;12:30:00;13:00:00;X;;0,50;RC's 07, 06, 08 em Nova;2799,39
19.10.2016;17:00:00;17:30:00;X;;0,50;RC16 Dionísio.;2799,39
20.10.2016;06:30:00;07:30:00;X;;1,00;Manobra São Gonçálo do R;2799,39
29.10.2016;15:00:00;18:00:00;X;;3,00;"RC01, RC07 João
Monlevad";2799,39
30.10.2016;09:00:00;13:00:00;X;;4,00;"RC08, RC07 Bela
Vista/Jo";2799,39
01.11.2016;17:00:00;18:30:00;X;;1,50;RC's 06 em Antonio dos S;3037,35
02.11.2016;07:00:00;11:00:00;X;;4,00;Apoio Itabira;3037,35
02.11.2016;12:00:00;16:30:00;X;;4,50;Apoio Itabira;3037,35
09.11.2016;17:00:00;19:30:00;X;;2,50;Rc's 07 Nova União e Roç;3037,35
13.11.2016;13:00:00;17:00:00;X;;4,00;"RC07, 08, 16 João
Monlev";3037,35
14.11.2016;17:00:00;20:30:00;X;;3,50;"RC07, 08, 16 João
Monlev";3037,35
15.11.2016;19:30:00;22:00:00;X;;2,50;"RC08, 06, 07 São
Gonçálo";3037,35
15.11.2016;12:30:00;18:30:00;X;;6,00;RC08, 06, 07 São;3037,35
;;;;;;Gonçálo;3037,35
17.11.2016;17:30:00;19:30:00;X;;2,00;RC06, RC07 Bom Jesus do;3037,35
24.11.2016;17:30:00;19:30:00;X;;2,00;OSLN Rua Jose Saramago n;3037,35
25.11.2016;17:30:00;18:00:00;X;;0,50;NSRI Inspeção após ch 67;3037,35
25.11.2016;12:30:00;13:00:00;X;;0,50;NSRI Inspeção após ch 67;3037,35
30.11.2016;17:30:00;20:30:00;X;;3,00;RC's 07, 06 Barão de Coc;3037,35
30.11.2016;12:30:00;13:00:00;X;;0,50;RC's 07, 06 Barão de Coc;3037,35
01.12.2016;17:30:00;18:00:00;X;;0,50;RC's 07, 06 Barão de Coc;3037,35
05.12.2016;17:30:00;20:30:00;X;;3,00;"RC08, RC03, RC07 Nova
Un";3037,35
06.12.2016;17:30:00;20:30:00;X;;3,00;RC's 07, 06 Barão de Coc;3037,35
07.12.2016;17:30:00;21:00:00;X;;3,50;RC's 07, 08, 06 Bom Jesu;3037,35
12.12.2016;12:30:00;13:00:00;X;;0,50;RC07 Hotel Tauá;3037,35
12.12.2016;17:30:00;20:30:00;X;;3,00;RC's 07, 08, 30 Região B;3037,35
13.12.2016;17:30:00;19:30:00;X;;2,00;Apoio Guanhães;3037,35
14.12.2016;17:30:00;18:00:00;X;;0,50;Apoio Guanhães;3037,35
15.12.2016;17:30:00;20:30:00;X;;3,00;Apoio Guanhães;3037,35
17.12.2016;14:00:00;18:30:00;X;;4,50;"RC06,07,08 São
Domingos";3037,35
17.12.2016;10:00:00;13:00:00;X;;3,00;"RC06,07,08 São
Domingos";3037,35
18.12.2016;18:00:00;21:30:00;X;;3,50;RC08, 06 Região de Alfié;3037,35
18.12.2016;14:00:00;14:30:00;X;;0,50;NSRI Rio Piracicaba;3037,35
18.12.2016;07:00:00;13:00:00;X;;6,00;NSRI Rio Piracicaba;3037,35
19.12.2016;17:30:00;18:30:00;X;;1,00;RC's 87 Reta da Vargem e;3037,35
20.12.2016;12:30:00;13:00:00;X;;0,50;Leitura Cliente MT, OSVQ;3037,35
20.12.2016;17:30:00;18:30:00;X;;1,00;Leitura Cliente MT, OSVQ;3037,35
21.12.2016;17:30:00;20:30:00;X;;3,00;RC's 06, 07 Antonio dos;3037,35
22.12.2016;17:30:00;19:00:00;X;;1,50;RCs 07, 06 Antonio dos S;3037,35
23.12.2016;06:00:00;07:30:00;X;;1,50;Manobra Religador Deriva;3037,35
23.12.2016;17:30:00;20:00:00;X;;2,50;Manobra Religador Deriva;3037,35
24.12.2016;09:00:00;15:00:00;X;;6,00;RC's 08, 07, 04 Prata /;3037,35
24.12.2016;23:00:00;23:59:59;X;;1,00;RC08 Derivação Juiraçu;3037,35
25.12.2016;00:00:00;04:30:00;X;;4,50;RC03 Meio, RC09 Nova Era;3037,35
25.12.2016;15:30:00;21:30:00;X;;6,00;Emergenciais Santa Bárba;3037,35
25.12.2016;22:30:00;23:59:59;X;;1,50;Emergenciais João Monlev;3037,35
26.12.2016;00:00:00;04:00:00;X;;4,00;Emergenciais João Monlev;3037,35
26.12.2016;17:30:00;21:00:00;X;;3,50;Emergenciais João Monlev;3037,35
29.12.2016;17:30:00;19:30:00;X;;2,00;RC 08, 06 Serrinha - Nov;3037,35
30.12.2016;17:30:00;19:30:00;X;;2,00;OSLI, OSML Treve de Itab;3037,35
30.12.2016;06:00:00;07:30:00;X;;1,50;OSLI, OSML Trevo de Itab;3037,35
03.01.2017;12:30:00;13:00:00;X;;0,50;RC06 Antonio dos;3037,35
;;;;;;Santos,;3037,35
03.01.2017;17:30:00;18:30:00;X;;1,00;RC07 Radar Km 388 (Boa V;3037,35
11.01.2017;17:30:00;20:30:00;X;;3,00;Apoio Barão de Cocais;3037,35
12.01.2017;12:30:00;13:00:00;X;;0,50;Apoio Barão de cocais;3037,35
12.01.2017;17:30:00;20:30:00;X;;3,00;Apoio Barão de cocais;3037,35
13.01.2017;17:30:00;21:00:00;X;;3,50;RCs emergenciais João Mo;3037,35
14.01.2017;15:30:00;21:30:00;X;;6,00;RC's Emergenciais Nova U;3037,35
14.01.2017;08:30:00;14:30:00;X;;6,00;RC's Emergenciais João M;3037,35
15.01.2017;15:30:00;21:00:00;X;;5,50;RCs Emergenciais Rio Pir;3037,35
15.01.2017;08:30:00;14:30:00;X;;6,00;RC's Emergenciais João M;3037,35
16.01.2017;17:30:00;20:30:00;X;;3,00;RCs Emergenciais Rio Pir;3037,35
17.01.2017;17:30:00;20:30:00;X;;3,00;RCs emergenciais Nova Un;3037,35
17.01.2017;12:30:00;13:00:00;X;;0,50;RCs emergenciais Nova Un;3037,35
18.01.2017;17:30:00;19:00:00;X;;1,50;Rcs emergenciais Prata;3037,35
18.01.2017;12:30:00;13:00:00;X;;0,50;RCs emergenciais Prata;3037,35
19.01.2017;12:30:00;13:00:00;X;;0,50;RCs emergenciais Nova Un;3037,35
20.01.2017;17:30:00;19:00:00;X;;1,50;RCs emergenciais Nova Un;3037,35
20.01.2017;12:30:00;13:00:00;X;;0,50;RCs emergenciais Nova Un;3037,35
21.01.2017;14:00:00;20:00:00;X;;6,00;RCs emergenciais Prata;3037,35
21.01.2017;07:00:00;13:00:00;X;;6,00;RCs emergenciais Dionísi;3037,35
22.01.2017;15:00:00;21:00:00;X;;6,00;RCs emergenciais Prata;3037,35
22.01.2017;08:00:00;14:00:00;X;;6,00;Manobra RDR Alfié;3037,35
23.01.2017;17:30:00;19:00:00;X;;1,50;RCs emergenciais Nova Un;3037,35
23.01.2017;12:30:00;13:00:00;X;;0,50;RCs emergenciais Nova Un;3037,35
20.02.2017;17:00:00;18:00:00;X;;1,00;Manobra João Monlevade;3037,35
22.02.2017;17:00:00;18:00:00;X;;1,00;Rc's emergenciais Altami;3037,35
23.02.2017;17:00:00;18:30:00;X;;1,50;Rc's emergenciais Nova U;3037,35
23.02.2017;12:30:00;13:00:00;X;;0,50;Rc's emergenciais Nova U;3037,35
24.02.2017;06:00:00;07:30:00;X;;1,50;Manobra João Monlevade;3037,35
26.02.2017;13:00:00;17:00:00;X;;4,00;RC's Emergenciais Prata;3037,35
27.02.2017;21:00:00;23:30:00;X;;2,50;Rc's emergenciais Prata;3037,35
27.02.2017;14:00:00;20:00:00;X;;6,00;Rc's emergenciais Nova E;3037,35
28.02.2017;19:30:00;21:00:00;X;;1,50;Rc's emergenciais Prata;3037,35
28.02.2017;12:30:00;18:30:00;X;;6,00;Rc's emergenciais Prata;3037,35
01.03.2017;17:00:00;20:30:00;X;;3,50;Rc's emergenciais Dionís;3037,35
01.03.2017;09:30:00;13:00:00;X;;3,50;Rc's emergenciais Dionís;3037,35
06.03.2017;17:30:00;18:30:00;X;;1,00;RC's Emergenciais Região;3037,35
06.03.2017;12:30:00;13:00:00;X;;0,50;RC's Emergenciais Região;3037,35
16.03.2017;17:00:00;18:00:00;;X;1,00;RCs emergenciais Prata;3037,35
27.03.2017;12:30:00;13:00:00;;X;0,50;RC's comerciais Nova Era;3037,35
15.04.2017;11:00:00;14:00:00;X;;3,00;RC01 Vila Santa Rosa - N;3037,35
28.04.2017;17:00:00;18:00:00;X;;1,00;RC's Emergenciais Nova E;3037,35
13.05.2017;19:00:00;22:00:00;X;;3,00;RC08 São Gonçalo do Rio;3037,35
13.05.2017;23:00:00;23:59:59;X;;1,00;RC's 06, 04 e 07 Santa B;3037,35
14.05.2017;00:00:00;03:00:00;X;;3,00;RC's 06, 04 e 07 Santa B;3037,35
14.05.2017;14:00:00;18:00:00;X;;4,00;RC06, RC32, RC07, RC04 J;3037,35
09.08.2017;06:00:00;07:30:00;;X;1,50;Manobra SE João Monlevad;3037,35
22.08.2017;01:00:00;03:00:00;X;;2,00;"RC09 Comunidade Pacas
-";3037,35
13.09.2017;05:30:00;07:30:00;X;;2,00;Manobra emergencial alim;3189,21
18.09.2017;17:30:00;20:00:00;X;;2,50;Apoio em São Gotardo - M;3189,21
18.09.2017;12:30:00;13:00:00;X;;0,50;Apoio em São Gotardo - M;3189,21
19.09.2017;17:30:00;20:00:00;X;;2,50;Apoio em São Gotardo - M;3189,21
19.09.2017;12:30:00;13:00:00;X;;0,50;Apoio em São Gotardo - M;3189,21
20.09.2017;17:30:00;20:00:00;X;;2,50;Apoio em São Gotardo - M;3189,21
20.09.2017;12:30:00;13:00:00;X;;0,50;Apoio em São Gotardo - M;3189,21
21.09.2017;17:30:00;20:30:00;X;;3,00;Apoio em São Gotardo - M;3189,21
21.09.2017;12:30:00;13:00:00;X;;0,50;Apoio em São Gotardo - M;3189,21
22.09.2017;17:30:00;19:30:00;X;;2,00;Apoio em São Gotardo - M;3189,21
22.09.2017;12:30:00;13:00:00;X;;0,50;Apoio em São Gotardo - M;3189,21
23.09.2017;14:00:00;20:00:00;X;;6,00;Apoio em São Gotardo - M;3189,21
23.09.2017;07:00:00;13:00:00;X;;6,00;Apoio em São Gotardo - M;3189,21
24.09.2017;14:00:00;20:00:00;X;;6,00;Apoio em São Gotardo - M;3189,21
24.09.2017;07:00:00;13:00:00;X;;6,00;Apoio em São Gotardo - M;3189,21
25.09.2017;17:30:00;20:00:00;X;;2,50;Apoio em São Gotardo - M;3189,21
25.09.2017;12:30:00;13:00:00;X;;0,50;Apoio em São Gotardo - M;3189,21
26.09.2017;17:30:00;20:00:00;X;;2,50;Apoio em São Gotardo - M;3189,21
26.09.2017;12:30:00;13:00:00;X;;0,50;Apoio em São Gotardo - M;3189,21
27.09.2017;17:30:00;20:00:00;X;;2,50;Apoio em São Gotardo - M;3189,21
28.09.2017;17:30:00;20:00:00;X;;2,50;Apoio em São Gotardo - M;3189,21
23.10.2017;23:00:00;23:59:59;X;;1,00;Manobra Emergencial em J;3189,21
24.10.2017;00:00:00;01:30:00;X;;1,50;Manobra Emergencial em J;3189,21
24.10.2017;17:30:00;18:30:00;X;;1,00;RCs emergenciais Sapé -;3189,21
30.10.2017;12:30:00;13:00:00;X;;0,50;RCs emergenciais Alfié -;3189,21
30.10.2017;17:30:00;19:30:00;X;;2,00;RCs emergenciais Alfié -;3189,21
01.11.2017;17:30:00;21:00:00;X;;3,50;RCs emergenciais Alfié -;3247,57
06.11.2017;12:30:00;13:00:00;X;;0,50;Manobra emergencial Dion;3247,57
06.11.2017;17:30:00;18:30:00;X;;1,00;Manobra emergencial Dion;3247,57
04.12.2017;17:00:00;19:00:00;X;;2,00;RC's Emergenciais Bom Je;3247,57
11.12.2017;17:00:00;18:00:00;X;;1,00;Rc's Emergenciais Dionís;3247,57
12.12.2017;17:00:00;17:30:00;X;;0,50;Rc's Emergenciais Dionís;3247,57
22.12.2017;05:30:00;07:30:00;X;;2,00;RC09 Bela Vista de Minas;3247,57
23.12.2017;23:20:00;23:59:59;X;;0,67;RC09 Nova Era, RC09 Cape;3247,57
24.12.2017;00:00:00;04:00:00;X;;4,00;RC09 Nova Era, RC09 Cape;3247,57
25.12.2017;18:00:00;21:00:00;X;;3,00;RC08 Barro Branco, RC's0;3247,57
30.12.2017;17:00:00;23:59:59;X;;7,00;RC's Emergenciais João M;3247,57
31.12.2017;11:00:00;17:00:00;X;;6,00;Rc's emergenciais Prata;3247,57
31.12.2017;18:00:00;23:59:59;X;;6,00;Rc's emergenciais Prata;3247,57
01.01.2018;14:00:00;20:00:00;X;;6,00;Rc's emergenciais Marlié;3247,57
01.01.2018;21:00:00;23:59:59;X;;3,00;Rc's emergenciais Marlié;3247,57
05.01.2018;12:30:00;13:00:00;X;;0,50;RC09 São José do Goiabal;3247,57
05.01.2018;17:30:00;18:30:00;X;;1,00;Manobra Alfié - São Domi;3247,57
22.02.2018;17:30:00;20:00:00;X;;2,50;RCs Emergenciais Nova Er;3247,57
22.02.2018;12:30:00;13:00:00;X;;0,50;RCs emergenciais Nova Er;3247,57
23.02.2018;17:30:00;20:00:00;X;;2,50;RCs Emergenciais Nova Er;3247,57
23.02.2018;12:30:00;13:00:00;X;;0,50;RCs Emergenciais Nova Er;3247,57
26.02.2018;17:30:00;18:30:00;X;;1,00;RCs emergenciais Nova Er;3247,57
26.02.2018;12:30:00;13:00:00;X;;0,50;RCs emergenciais Nova Er;3247,57
27.02.2018;17:00:00;19:30:00;X;;2,50;RCs emergenciais Nova Er;3247,57
01.03.2018;17:00:00;20:00:00;X;;3,00;Rcs emergenciais São Gon;3247,57
01.03.2018;12:30:00;13:00:00;X;;0,50;RC09 Carapuça - Barão de;3247,57
02.03.2018;17:00:00;20:00:00;X;;3,00;RCs emergenciais Bom Jes;3247,57
05.03.2018;17:00:00;20:30:00;X;;3,50;RCs emergenciais João Mo;3247,57
06.03.2018;17:00:00;18:30:00;X;;1,50;RCs Emergenciais em;3247,57
;;;;;;João;3247,57
07.03.2018;17:00:00;19:30:00;X;;2,50;RCs emergenciais Rio Pir;3247,57
07.03.2018;12:30:00;13:00:00;X;;0,50;RCs emergenciais Rio pir;3247,57
08.03.2018;17:00:00;20:00:00;X;;3,00;RCs emergenciais Rio Pir;3247,57
08.03.2018;12:30:00;13:00:00;X;;0,50;RCs emergenciais Rio Pir;3247,57
09.03.2018;12:30:00;13:00:00;X;;0,50;RCs emergenciais Rio Pir;3247,57
09.03.2018;17:00:00;20:00:00;X;;3,00;RCs emergenciais Rio Pir;3247,57
10.03.2018;07:30:00;13:00:00;X;;5,50;RCs emergenciais São Dom;3247,57
10.03.2018;14:00:00;20:00:00;X;;6,00;RCs emergenciais São Dom;3247,57
11.03.2018;07:00:00;13:00:00;X;;6,00;RCs emergenciais São Dom;3247,57
11.03.2018;14:00:00;20:00:00;X;;6,00;RCs emergenciais São Dom;3247,57
12.03.2018;17:00:00;19:00:00;X;;2,00;RCs emergenciais Rio Pir;3247,57
14.03.2018;17:00:00;18:30:00;X;;1,50;RCs emergenciais Dionísi;3247,57
14.03.2018;12:30:00;13:00:00;X;;0,50;RCs emergenciais Dionísi;3247,57
15.03.2018;17:00:00;19:30:00;X;;2,50;RCs emergenciais Barão d;3247,57
15.03.2018;12:30:00;13:00:00;X;;0,50;Manobra com Gerador em C;3247,57
15.03.2018;07:00:00;07:30:00;X;;0,50;Manobra com Gerador em C;3247,57
17.03.2018;14:30:00;20:30:00;X;;6,00;RCs Emergenciais Rio Pir;3247,57
17.03.2018;08:30:00;13:30:00;X;;5,00;RCs Emergenciais Rio Pir;3247,57
19.03.2018;17:00:00;19:30:00;X;;2,50;RCs Emergenciais Bom Jes;3247,57
19.03.2018;12:30:00;13:00:00;X;;0,50;RCs Emergenciais Bom Jes;3247,57
20.03.2018;17:00:00;20:30:00;X;;3,50;RCs Emergenciais Rio Pir;3247,57
20.03.2018;12:30:00;13:00:00;X;;0,50;RCs Emergenciais Rio Pir;3247,57
22.03.2018;17:00:00;20:00:00;X;;3,00;RCs Emergenciais Bom Jes;3247,57
23.03.2018;17:00:00;20:00:00;X;;3,00;RCs Emergenciais Dionisi;3247,57
04.04.2018;17:00:00;19:00:00;X;;2,00;RC08 João Monlevade;3247,57
04.04.2018;12:30:00;13:00:00;X;;0,50;RC09 Rio Piracicaba;3247,57
05.04.2018;17:00:00;19:30:00;X;;2,50;RCs emergenciais Rio Pir;3247,57
05.04.2018;12:30:00;13:00:00;X;;0,50;RCs emergenciais Rio Pir;3247,57
06.04.2018;12:30:00;13:00:00;X;;0,50;RCs emergenciais Nova Er;3247,57
06.04.2018;17:00:00;19:30:00;X;;2,50;RCs emergenciais Nova Er;3247,57
07.04.2018;10:00:00;13:00:00;X;;3,00;RCs emergenciais Prata;3247,57
07.04.2018;14:00:00;18:30:00;X;;4,50;RCs emergenciais Dionísi;3247,57
08.04.2018;05:30:00;09:00:00;X;;3,50;Manobra em João Monlevad;3247,57
08.04.2018;14:30:00;17:30:00;X;;3,00;Manobra João Monlevade;3247,57
27.04.2018;06:00:00;07:30:00;X;;1,50;Manobra João Monlevade/B;3247,57
27.04.2018;17:00:00;19:30:00;X;;2,50;Manobra João Monlevade/B;3247,57
30.04.2018;06:00:00;07:30:00;X;;1,50;Manobra João Monlevade/B;3247,57
25.05.2018;17:00:00;19:30:00;X;;2,50;RC's Emergenciais em Joã;3247,57
28.05.2018;17:00:00;19:30:00;X;;2,50;RC's Emergenciais em Rio;3247,57
12.10.2018;07:00:00;11:30:00;X;;4,50;Feriado - A pedido do Am;5540,02
12.10.2018;12:30:00;16:00:00;X;;3,50;Feriado - A pedido do Am;5540,02
15.10.2018;16:00:00;19:00:00;X;;3,00;Apoio a Ipatinga e Carat;5540,02
19.10.2018;16:00:00;17:30:00;X;;1,50;Apoio tela de TO a pedid;5540,02
28.10.2018;15:30:00;20:50:00;X;;5,33;1753871 Eleição Segundo;5540,02
29.10.2018;15:30:00;20:00:00;X;;4,50;1753871 A pedido do Amar;5540,02
30.10.2018;15:30:00;19:30:00;X;;4,00;A pedido do Amarildo.;5540,02
31.10.2018;15:30:00;19:30:00;X;;4,00;A pedido do Amarildo.;5540,02
01.11.2018;15:30:00;19:30:00;X;;4,00;A pedido do Amarildo.;5761,62
02.11.2018;13:30:00;19:30:00;X;;6,00;A pedido do Marcio.;5761,62
02.11.2018;07:00:00;13:00:00;X;;6,00;Feriado de Finados.;5761,62
09.11.2018;15:30:00;17:30:00;X;;2,00;A pedido do Marcio, mano;5761,62
15.11.2018;13:30:00;15:30:00;X;;2,00;Feriado Proclamação da R;5761,62
15.11.2018;07:00:00;13:00:00;X;;6,00;Feriado Proclamação da R;5761,62
08.12.2018;12:30:00;15:30:00;X;;3,00;Feriado Municipal de Bel;5761,62
08.12.2018;07:00:00;12:00:00;X;;5,00;Feriado Municipal de Bel;5761,62
09.12.2018;07:00:00;12:30:00;;X;5,50;Hora Extra a pedido do G;5761,62
09.12.2018;13:00:00;15:30:00;;X;2,50;Hora Extra a pedido do G;5761,62
22.12.2018;15:30:00;19:30:00;;X;4,00;Apoio Tela de JM/PR a pe;5761,62
24.12.2018;07:00:00;12:00:00;X;;5,00;Feriado Natal;5761,62
24.12.2018;12:30:00;15:30:00;X;;3,00;Feriado Natal;5761,62
25.12.2018;07:00:00;13:00:00;X;;6,00;Feriado Natal;5761,62
25.12.2018;13:30:00;19:30:00;X;;6,00;Feriado Natal;5761,62
26.12.2018;15:30:00;19:30:00;;X;4,00;Apoio tela de JM a pedid;5761,62
27.12.2018;07:00:00;13:00:00;X;;6,00;Apoio tela de JM a pedid;5761,62
27.12.2018;13:30:00;15:30:00;X;;2,00;Apoio Tela de JM a pedid;5761,62
31.12.2018;07:00:00;12:00:00;X;;5,00;Feriado Ano Novo;5761,62
31.12.2018;12:30:00;15:30:00;X;;3,00;Feriado Ano Novo;5761,62
01.01.2019;07:00:00;12:00:00;X;;5,00;Feriado Ano Novo;5761,62
01.01.2019;12:30:00;15:30:00;X;;3,00;Feriado Ano Novo;5761,62
27.02.2019;15:30:00;19:30:00;X;;4,00;Apoio à tela de Governad;5761,62
02.03.2019;07:00:00;12:00:00;X;;5,00;Apoio à tela de GV e IR;5761,62
02.03.2019;12:30:00;17:00:00;X;;4,50;Apoio à tela de GV e IR;5761,62
06.03.2019;15:30:00;17:30:00;X;;2,00;Apoio manobra de GV a pe;5761,62
14.03.2019;15:30:00;19:30:00;X;;4,00;Apoio tela de Ponte Nova;5761,62
15.05.2019;15:30:00;19:30:00;;X;4,00;Apoio tela de JM a pedid;5761,62
26.09.2019;15:30:00;19:30:00;X;;4,00;Apoio tela de JM/PR a pe;5761,62
04.10.2019;07:00:00;13:00:00;X;;6,00;Apoio tela JM/PR a pedid;5761,62
04.10.2019;13:30:00;15:30:00;X;;2,00;Apoio tela JM/PR a pedid;5761,62
22.10.2019;13:30:00;15:30:00;X;;2,00;Apoio tela de IP/RA a pe;5761,62
22.10.2019;07:00:00;13:00:00;X;;6,00;Apoio tela de IP/RA a pe;5761,62
26.10.2019;15:30:00;19:30:00;X;;4,00;Apoio tela de PA a pedid;5761,62
27.10.2019;15:30:00;19:30:00;X;;4,00;Apoio tela de SG a pedid;5761,62
29.10.2019;13:30:00;19:30:00;X;;6,00;Apoio tela RA a pedido d;5761,62
29.10.2019;07:00:00;13:00:00;X;;6,00;Apoio tela de IP/RA a pe;5761,62
01.11.2019;15:30:00;16:00:00;X;;0,50;Apoio tela de JM/PR a pe;5908,55
06.11.2019;06:00:00;07:00:00;X;;1,00;Apoio tela de JM/PR a pe;5908,55
15.11.2019;15:30:00;19:30:00;X;;4,00;Apoio tela JM/PR a pedid;5908,55
16.11.2019;13:30:00;15:30:00;X;;2,00;Apoio tela JM/PR a pedid;5908,55
16.11.2019;07:00:00;13:00:00;X;;6,00;Apoio tela JM/PR a pedid;5908,55
20.11.2019;15:30:00;19:30:00;X;;4,00;Apoio Tela de GV a pedid;5908,55
24.11.2019;15:30:00;19:30:00;X;;4,00;Apoio tela de JM a pedid;5908,55
25.11.2019;12:30:00;15:30:00;X;;3,00;Apoio tela de JM/PR a pe;5908,55
25.11.2019;07:00:00;12:00:00;X;;5,00;Apoio tela de JM/PR a pe;5908,55
01.12.2019;15:30:00;19:30:00;X;;4,00;Apoio tela JM/PR a pedid;5908,55
05.12.2019;13:30:00;15:30:00;X;;2,00;Apoio tela JM/PR a pedid;5908,55
05.12.2019;07:00:00;13:00:00;X;;6,00;Apoio tela JM/PR a pedid;5908,55
06.12.2019;12:30:00;15:30:00;X;;3,00;Apoio tela JM/PR a pedid;5908,55
06.12.2019;07:00:00;12:00:00;X;;5,00;Apoio tela JM/PR a pedid;5908,55
31.12.2019;12:30:00;15:30:00;X;;3,00;Apoio tela JM/PR a pedid;5908,55
31.12.2019;07:00:00;12:00:00;X;;5,00;Apoio tela JM/PR a pedid;5908,55
01.01.2020;12:30:00;15:30:00;X;;3,00;Apoio tela JM/PR a pedid;5908,55
01.01.2020;07:00:00;12:00:00;X;;5,00;Apoio tela JM/PR a pedid;5908,55
03.01.2020;15:30:00;19:30:00;X;;4,00;Apoio tela JM/PR a pedid;5908,55
04.01.2020;15:30:00;19:30:00;X;;4,00;Apoio tela de JM/PR a pe;5908,55
05.01.2020;15:30:00;19:30:00;X;;4,00;Apoio tela de JM/PR a pe;5908,55
17.01.2020;15:30:00;19:30:00;X;;4,00;Apoio tela JM/PR a pedid;5908,55
18.01.2020;12:30:00;15:30:00;X;;3,00;Apoio tela JM/PR a pedid;5908,55
18.01.2020;07:00:00;12:00:00;X;;5,00;Apoio tela JM/PR a pedid;5908,55
19.01.2020;12:30:00;15:30:00;X;;3,00;Apoio tela JM/PR a pedid;5908,55
19.01.2020;07:00:00;12:00:00;X;;5,00;Apoio tela JM/PR a pedid;5908,55
23.01.2020;15:30:00;19:30:00;X;;4,00;Apoio tela JM/PR a pedid;5908,55
24.01.2020;15:30:00;19:30:00;X;;4,00;Apoio tela JM/PR a pedid;5908,55
25.01.2020;15:30:00;19:30:00;X;;4,00;Apoio tela de JM a pedid;5908,55
26.01.2020;15:30:00;19:30:00;X;;4,00;Apoio tela JM/PR a pedid;5908,55
27.01.2020;06:30:00;12:30:00;X;;6,00;Apoio tela JM/PR a pedid;5908,55
27.01.2020;13:00:00;15:30:00;X;;2,50;Apoio tela JM/PR a pedid;5908,55
23.02.2020;05:30:00;11:00:00;X;;5,50;Apoio tela GV a pedido M;5908,55
23.02.2020;11:30:00;15:30:00;;X;4,00;Apoio tela GV a pedido M;5908,55
25.02.2020;07:00:00;12:00:00;X;;5,00;Apoio tela JM/PR a pedid;5908,55
25.02.2020;12:30:00;15:30:00;X;;3,00;Apoio tela JM/PR a pedid;5908,55
04.03.2020;07:00:00;12:00:00;X;;5,00;Apoio Tela GV a pedido d;5908,55
04.03.2020;12:30:00;15:30:00;X;;3,00;Apoio Tela GV a pedido d;5908,55
05.03.2020;07:00:00;12:00:00;X;;5,00;Apoio tela JM/PR a pedid;5908,55
05.03.2020;12:30:00;15:30:00;X;;3,00;Apoio tela JM/PR a pedid;5908,55
19.04.2020;07:00:00;12:30:00;X;;5,50;Apoio tela IP/RA/PR a pe;5908,55
19.04.2020;13:00:00;15:30:00;X;;2,50;Apoio tela IP/RA/PR a pe;5908,55
08.08.2020;15:30:00;19:30:00;X;;4,00;Apoio tela de GV/AL (Oco;5908,55
22.08.2020;12:00:00;15:30:00;X;;3,50;Apoio tela de FM/PS a pe;5908,55
22.08.2020;05:30:00;11:30:00;X;;6,00;Apoio tela de FM/PS/CR/I;5908,55
23.08.2020;13:30:00;15:30:00;X;;2,00;Apoio tela TB/AX a pedid;5908,55
23.08.2020;07:00:00;13:00:00;X;;6,00;Apoio tela TB/AX a pedid;5908,55
28.08.2020;15:30:00;19:30:00;X;;4,00;Apoio tela de CR/IA a pe;5908,55
09.09.2020;13:30:00;15:30:00;X;;2,00;Apoio tela AF/SJ a pedid;5908,55
09.09.2020;07:00:00;13:00:00;X;;6,00;Apoio tela AF/SJ a pedid;5908,55
10.09.2020;13:30:00;15:30:00;X;;2,00;Apoio tela BD/DV a pedid;5908,55
10.09.2020;07:00:00;13:00:00;X;;6,00;Apoio tela BD/DV a pedid;5908,55
11.09.2020;15:30:00;16:00:00;X;;0,50;Relatório de Incidente d;5908,55
14.09.2020;15:30:00;18:00:00;X;;2,50;Apoio tela IP/RA/PR a pe;5908,55
29.09.2020;15:30:00;19:30:00;X;;4,00;Curso GDIS 1.5 e apoio n;5908,55
06.10.2020;06:30:00;07:00:00;X;;0,50;Apoio tela de GV implant;6026,72
06.10.2020;15:30:00;19:00:00;X;;3,50;Apoio tela de GV implant;6026,72
07.10.2020;15:30:00;19:30:00;X;;4,00;Apoio tela JM/PR a pedid;6026,72
08.10.2020;15:30:00;19:30:00;X;;4,00;Apoio tela TO/RA a pedid;6026,72
09.10.2020;15:30:00;19:30:00;X;;4,00;Apoio tela IP/JM a pedid;6026,72
14.10.2020;15:30:00;19:30:00;X;;4,00;Apoio tela TO/AG/LF/LV a;6026,72
15.10.2020;15:30:00;19:30:00;X;;4,00;Apoio tela JM/PR a pedid;6026,72
16.10.2020;15:30:00;19:30:00;X;;4,00;Apoio tela JM/PR a pedid;6026,72
24.10.2020;15:30:00;19:30:00;X;;4,00;Apoio Ocorrência BCSU e;6026,72
26.10.2020;15:30:00;19:30:00;X;;4,00;Apoio tela JM/PR a pedid;6026,72
31.10.2020;12:30:00;15:30:00;X;;3,00;Apoio tela JM/PR a pedid;6026,72
31.10.2020;07:00:00;12:00:00;X;;5,00;Apoio tela JM/PR a pedid;6026,72
12.11.2020;15:30:00;19:30:00;X;;4,00;Apoio tela JM/PR a pedid;6314,19
18.11.2020;05:00:00;11:00:00;X;;6,00;Apoio tela JM/PR a pedid;6314,19
18.11.2020;11:30:00;15:30:00;X;;4,00;Apoio tela JM/PR a pedid;6314,19
20.11.2020;15:30:00;17:30:00;X;;2,00;Apoio Malha leste a pedi;6314,19
23.11.2020;15:30:00;16:00:00;X;;0,50;Apoio tela JM/PR a pedid;6314,19
24.11.2020;15:30:00;19:30:00;X;;4,00;Apoio Malha Oeste a pedi;6314,19
27.11.2020;07:00:00;12:00:00;X;;5,00;Apoio tela JM/PR a pedid;6314,19
27.11.2020;12:30:00;15:30:00;X;;3,00;Apoio tela JM/PR a pedid;6314,19
28.11.2020;15:30:00;16:00:00;X;;0,50;Apoio tela JM/PR a pedid;6314,19
30.11.2020;15:30:00;19:30:00;X;;4,00;Apoio tela JM/PR a pedid;6314,19
01.12.2020;15:30:00;19:30:00;X;;4,00;Apoio tela JM/PR a pedid;6314,19
08.12.2020;15:30:00;19:30:00;X;;4,00;Apoio tela VR/TC a pedid;6314,19
10.12.2020;15:30:00;19:30:00;X;;4,00;Apoio tela TO a pedido d;6314,19
13.12.2020;07:00:00;12:00:00;X;;5,00;Apoio tela JM/PR a pedid;6314,19
13.12.2020;12:30:00;15:30:00;X;;3,00;Apoio tela JM/PR a pedid;6314,19
18.12.2020;05:00:00;07:00:00;X;;2,00;Apoio tela BC a pedido d;6314,19
18.12.2020;15:30:00;17:30:00;X;;2,00;Apoio tela de PR a pedid;6314,19
24.12.2020;07:00:00;12:00:00;X;;5,00;Apoio tela JM/Al a pedid;6314,19
24.12.2020;12:30:00;15:30:00;X;;3,00;Apoio tela JM/Al a pedid;6314,19
26.12.2020;06:00:00;07:00:00;X;;1,00;Apoio Sala de Controle -;6314,19
26.12.2020;15:30:00;17:00:00;X;;1,50;Apoio Sala de Controle -;6314,19
01.01.2021;07:00:00;15:00:00;X;;8,00;Apoio tela JM/PR;6314,19
02.01.2021;07:00:00;15:00:00;X;;8,00;Apoio tela JM/PR;6314,19
06.01.2021;15:30:00;19:30:00;X;;4,00;Apoio tela JM/PR;6314,19
14.02.2021;07:00:00;15:00:00;X;;8,00;Apoio tela JM/PR;6314,19
15.02.2021;07:00:00;15:00:00;X;;8,00;Apoio tela JM/PR;6314,19
14.02.2021;15:30:00;19:30:00;X;;4,00;Apoio tela JM/PR;6314,19
23.02.2021;07:00:00;15:00:00;X;;8,00;Apoio tela JM/PR;6314,19
03.03.2021;15:30:00;19:30:00;X;;4,00;Apoio tela JM/PR;6314,19
05.03.2021;07:00:00;15:00:00;X;;8,00;Apoio tela JM/PR;6314,19
07.03.2021;06:00:00;07:00:00;X;;1,00;Apoio tela PR;6314,19
08.03.2021;15:30:00;19:30:00;X;;4,00;Apoio tela JM/PR;6314,19
09.03.2021;15:30:00;19:30:00;X;;4,00;Apoio tela JM/PR;6314,19
15.03.2021;07:00:00;15:00:00;X;;8,00;Apoio tela JM/PR;6314,19
29.03.2021;06:00:00;07:00:00;X;;1,00;Apoio tela PR;6314,19
30.03.2021;15:30:00;19:30:00;X;;4,00;Apoio tela JM/PR;6314,19
31.03.2021;07:00:00;19:00:00;X;;12,00;Apoio tela JM/PR;6314,19
01.04.2021;07:00:00;15:00:00;X;;8,00;Apoio tela JM/PR;6314,19
